page	original_path	dimensions	status	job_group	reviewer_note	wp_alt_text	tier	committed_path
(unassigned)	2015/10/IMG_3004.jpg	1024x768	KEEP	ranch-house-driveway		IMG_3004	B — small but real; secondary grid / thumbnail	src/assets/incoming/IMG_3004.jpg
(unassigned)	2015/10/cpf-driveway-2.jpg	250x150	DROP — below usable resolution	ranch-house-driveway	too small to use (250x150)	cpf-driveway-2		
(unassigned)	2015/10/cpf-driveway.jpg	500x500	KEEP	ranch-house-driveway	small — thumbnail/detail use only (500x500)	cpf-driveway	C — theme crop	src/assets/incoming/cpf-driveway.jpg
/fireplaces-and-barbecues/	2016/01/BBQ-B4_04.jpeg	640x427	KEEP	brick-patio-bbq-island	small — thumbnail/detail use only (640x427)	BBQ B4_04	B — small but real; secondary grid / thumbnail	src/assets/incoming/BBQ-B4_04.jpeg
/fireplaces-and-barbecues/	2016/01/BBQ-B4_05.jpeg	640x427	KEEP	brick-patio-bbq-island	small — thumbnail/detail use only (640x427)	BBQ B4_05	B — small but real; secondary grid / thumbnail	src/assets/incoming/BBQ-B4_05.jpeg
(unassigned)	2016/01/DR-1.jpg	1900x1265	KEEP			DR-1	A — gallery grade	src/assets/incoming/DR-1.jpg
(unassigned)	2016/01/DR-stone.jpg	1024x768	KEEP			DR-stone	B — small but real; secondary grid / thumbnail	src/assets/incoming/DR-stone.jpg
/fireplaces-and-barbecues/	2016/01/IMG_0017.jpg	1024x768	KEEP	white-stucco-outdoor-kitchen-build		IMG_0017	B — small but real; secondary grid / thumbnail	src/assets/incoming/IMG_0017.jpg
/fireplaces-and-barbecues/	2016/01/IMG_0018.jpg	768x1024	KEEP	white-stucco-outdoor-kitchen-build	small — thumbnail/detail use only (768x1024)	IMG_0018	B — small but real; secondary grid / thumbnail	src/assets/incoming/IMG_0018.jpg
/fireplaces-and-barbecues/	2016/01/IMG_0020.jpg	1024x768	KEEP	white-stucco-outdoor-kitchen-build		IMG_0020	B — small but real; secondary grid / thumbnail	src/assets/incoming/IMG_0020.jpg
/fireplaces-and-barbecues/	2016/01/IMG_0762.jpg	1024x1024	KEEP	white-stucco-outdoor-kitchen-build		IMG_0762	B — small but real; secondary grid / thumbnail	src/assets/incoming/IMG_0762.jpg
(unassigned)	2016/01/The-Oaks-1.jpg	1900x1265	KEEP	the-oaks-monument-sign		The-Oaks-1	A — gallery grade	src/assets/incoming/The-Oaks-1.jpg
(unassigned)	2016/01/The-Oaks-2.jpg	1900x1265	KEEP	the-oaks-monument-sign		The-Oaks-2	A — gallery grade	src/assets/incoming/The-Oaks-2.jpg
(unassigned)	2016/01/cpf-bbq.jpg	250x150	DROP — below usable resolution	dos-vientos-tiled-outdoor-kitchen	too small to use (250x150)	cpf-bbq		
/fireplaces-and-barbecues/	2016/01/cpf-cystom-bbq-dv-fridge.jpg	1024x682	KEEP	dos-vientos-tiled-outdoor-kitchen		cpf-cystom-bbq-dv-fridge	B — small but real; secondary grid / thumbnail	src/assets/incoming/cpf-cystom-bbq-dv-fridge.jpg
/fireplaces-and-barbecues/	2016/01/cpf-cystom-bbq-dv-pizza-oven-wide.jpg	1024x682	KEEP	dos-vientos-tiled-outdoor-kitchen		cpf-cystom-bbq-dv-pizza-oven-wide	B — small but real; secondary grid / thumbnail	src/assets/incoming/cpf-cystom-bbq-dv-pizza-oven-wide.jpg
/fireplaces-and-barbecues/	2016/01/cpf-cystom-bbq-dv-top-zoom.jpg	1024x682	KEEP	dos-vientos-tiled-outdoor-kitchen		cpf-cystom-bbq-dv-top-zoom	B — small but real; secondary grid / thumbnail	src/assets/incoming/cpf-cystom-bbq-dv-top-zoom.jpg
(unassigned)	2016/01/cpf-cystom-bbq-dv-w-fridge.jpg	1024x682	KEEP	dos-vientos-tiled-outdoor-kitchen		cpf-cystom-bbq-dv-w-fridge	B — small but real; secondary grid / thumbnail	src/assets/incoming/cpf-cystom-bbq-dv-w-fridge.jpg
/fireplaces-and-barbecues/	2016/01/cpf-cystom-fire-magic-bbq-1.jpg	1024x682	KEEP	dos-vientos-tiled-outdoor-kitchen		cpf-cystom-fire-magic-bbq	B — small but real; secondary grid / thumbnail	src/assets/incoming/cpf-cystom-fire-magic-bbq-1.jpg
(unassigned)	2016/01/cpf-recent-1.jpg	600x240	KEEP		small — thumbnail/detail use only (600x240)	cpf-recent-1	C — theme banner crop (letterboxed, decorative band only)	src/assets/incoming/cpf-recent-1.jpg
(unassigned)	2016/01/cpf-sider-patio.jpg	1400x500	KEEP		small — thumbnail/detail use only (1400x500)	cpf-sider-patio	C — theme banner crop (letterboxed, decorative band only)	src/assets/incoming/cpf-sider-patio.jpg
(unassigned)	2016/01/cpf-slider-driveway.jpg	1400x500	KEEP		small — thumbnail/detail use only (1400x500)	cpf-slider-driveway	C — theme banner crop (letterboxed, decorative band only)	src/assets/incoming/cpf-slider-driveway.jpg
(unassigned)	2016/01/cpf-slider-stonework.jpg	1400x500	KEEP		small — thumbnail/detail use only (1400x500)	cpf-slider-stonework	C — theme banner crop (letterboxed, decorative band only)	src/assets/incoming/cpf-slider-stonework.jpg
(unassigned)	2016/01/cpf-stonework.jpg	250x150	DROP — below usable resolution		too small to use (250x150)	cpf-stonework		
(unassigned)	2016/01/masonry-featured-image-new.jpg	250x150	DROP — below usable resolution		too small to use (250x150)	Masonry Featured Image		
/fireplaces-and-barbecues/	2016/01/outdoor-kitchen-fireplace-1.jpg	1024x682	KEEP	cast-fireplace-and-pizza-oven		outdoor-kitchen-fireplace-1	B — small but real; secondary grid / thumbnail	src/assets/incoming/outdoor-kitchen-fireplace-1.jpg
/fireplaces-and-barbecues/	2016/01/outdoor-kitchen-fireplace-4.jpg	1024x682	KEEP	cast-fireplace-and-pizza-oven		outdoor-kitchen-fireplace-4	B — small but real; secondary grid / thumbnail	src/assets/incoming/outdoor-kitchen-fireplace-4.jpg
/fireplaces-and-barbecues/	2016/01/outdoor-kitchen-fireplace-5.jpg	1024x682	KEEP	cast-fireplace-and-pizza-oven		outdoor-kitchen-fireplace-5	B — small but real; secondary grid / thumbnail	src/assets/incoming/outdoor-kitchen-fireplace-5.jpg
(unassigned)	2016/01/slider-cpf-bbq-2.jpg	1400x500	KEEP	stainless-bbq-island	small — thumbnail/detail use only (1400x500)	slider-cpf-bbq-2	C — theme banner crop (letterboxed, decorative band only)	src/assets/incoming/slider-cpf-bbq-2.jpg
(unassigned)	2016/01/slider-cpf-bbq-3.jpg	1400x500	KEEP	stainless-bbq-island	small — thumbnail/detail use only (1400x500)	slider-cpf-bbq-3	C — theme banner crop (letterboxed, decorative band only)	src/assets/incoming/slider-cpf-bbq-3.jpg
(unassigned)	2016/01/slider-cpf-concrete-countertop.jpg	1400x500	KEEP		small — thumbnail/detail use only (1400x500)	slider-cpf-concrete-countertop	C — theme banner crop (letterboxed, decorative band only)	src/assets/incoming/slider-cpf-concrete-countertop.jpg
(unassigned)	2016/02/cpf-concrete-counter-6.jpg	1024x682	KEEP		macro of wet mottled surface — reads as a puddle at thumbnail size	cpf-concrete-counter-6	B — small but real; secondary grid / thumbnail	src/assets/incoming/cpf-concrete-counter-6.jpg
(unassigned)	2016/02/cpf-home-recent-image.jpg	600x240	KEEP		small — thumbnail/detail use only (600x240)	Dos Vientos Villa Feature	C — theme banner crop (letterboxed, decorative band only)	src/assets/incoming/cpf-home-recent-image.jpg
(unassigned)	2016/02/cpf-stone-work-villa-1.jpg	1024x682	KEEP	stone-villa-covered-patio		cpf-stone-work-villa-1	B — small but real; secondary grid / thumbnail	src/assets/incoming/cpf-stone-work-villa-1.jpg
(unassigned)	2016/02/cpf-stone-work-villa-3.jpg	1024x682	KEEP	stone-villa-covered-patio		cpf-stone-work-villa-3	B — small but real; secondary grid / thumbnail	src/assets/incoming/cpf-stone-work-villa-3.jpg
(unassigned)	2016/02/cpf-stone-work-villa-4.jpg	1024x682	KEEP	stone-villa-covered-patio		cpf-stone-work-villa-4	B — small but real; secondary grid / thumbnail	src/assets/incoming/cpf-stone-work-villa-4.jpg
(unassigned)	2016/05/CPF-Bathrooms.jpg	1900x1265	KEEP			CPF-Bathrooms	A — gallery grade	src/assets/incoming/CPF-Bathrooms.jpg
/masonry/	2016/05/Dos-Vientos-Front-Yard-Retaining-Wall-and-Property-Line.jpg	1920x1278	KEEP			Front Yard Retaining Wall and Property Line Wall	A — gallery grade	src/assets/incoming/Dos-Vientos-Front-Yard-Retaining-Wall-and-Property-Line.jpg
(unassigned)	2016/05/Dos-Vientos-Side-Yard-Block-Wall.jpg	1920x1278	KEEP	dos-vientos-side-yard-wall		Side Yard Block Garden Wall	A — gallery grade	src/assets/incoming/Dos-Vientos-Side-Yard-Block-Wall.jpg
(unassigned)	2016/05/Dos-Vientos-Side-Yard-Garden-Wall.jpg	1900x1265	KEEP	dos-vientos-side-yard-wall		Side Yard Block Garden Wall alt view	A — gallery grade	src/assets/incoming/Dos-Vientos-Side-Yard-Garden-Wall.jpg
(unassigned)	2016/05/Featured-Project-Triunfo-YMCA.jpg	600x240	KEEP		small — thumbnail/detail use only (600x240)	Triunfo YMCA Baseball Fields Feature	C — theme banner crop (letterboxed, decorative band only)	src/assets/incoming/Featured-Project-Triunfo-YMCA.jpg
(unassigned)	2016/05/cpf-slider-playfields.jpg	1400x500	KEEP	viewpoint-outfield	small — thumbnail/detail use only (1400x500)	CPF Masonry Triumfo Playfields	C — theme banner crop (letterboxed, decorative band only)	src/assets/incoming/cpf-slider-playfields.jpg
(unassigned)	2016/05/masonry-featured-image.jpg	250x150	DROP — below usable resolution		texture macro — use as a detail inset, not a gallery frame; too small to use (250x150)	Masonry Feature Image		
(unassigned)	2016/10/cpf-viewpoint-feature.jpg	600x240	KEEP		backlit chain-link, subject unclear; small — thumbnail/detail use only (600x240)	cpf-viewpoint-feature	C — theme banner crop (letterboxed, decorative band only)	src/assets/incoming/cpf-viewpoint-feature.jpg
(unassigned)	2016/10/cpf-viewpoint-outfield-walkway-1.jpg	750x499	KEEP	viewpoint-outfield	small — thumbnail/detail use only (750x499)	cpf-viewpoint-outfield-walkway	B — small but real; secondary grid / thumbnail	src/assets/incoming/cpf-viewpoint-outfield-walkway-1.jpg
(unassigned)	2016/10/cpf-viewpoint-outfield-walkway2-1.jpg	750x499	KEEP	viewpoint-outfield	small — thumbnail/detail use only (750x499)	cpf-viewpoint-outfield-walkway2	B — small but real; secondary grid / thumbnail	src/assets/incoming/cpf-viewpoint-outfield-walkway2-1.jpg
(unassigned)	2016/10/cpf-viewpoint-school-entrance-1.jpg	750x499	KEEP		small — thumbnail/detail use only (750x499)	cpf-viewpoint-school-entrance	B — small but real; secondary grid / thumbnail	src/assets/incoming/cpf-viewpoint-school-entrance-1.jpg
(unassigned)	2016/10/cpf-viewpoint-school-outfield-wall.jpg	750x499	KEEP	viewpoint-outfield	small — thumbnail/detail use only (750x499)	cpf-viewpoint-school-outfield-wall	B — small but real; secondary grid / thumbnail	src/assets/incoming/cpf-viewpoint-school-outfield-wall.jpg
(unassigned)	2025/04/IMG_6192.jpg	911x1162	KEEP		mostly garage door, little masonry in frame	Screenshot	B — small but real; secondary grid / thumbnail	src/assets/incoming/IMG_6192.jpg
(unassigned)	2015/10/cpf-driveway-1.jpg	200x120	DROP — duplicate of candidate cpf-driveway-2.jpg			cpf-driveway-1		
(unassigned)	2015/10/custom-concrete-feature.jpg	250x150	VARIANT — crop/angle of recovered/beautiful-stamped-concrete-driveway.jpg			Custom Concrete Feature		
(unassigned)	2016/01/cpf-cystom-fire-magic-bbq.jpg	1024x682	DROP — duplicate of candidate cpf-cystom-fire-magic-bbq-1.jpg			cpf-cystom-fire-magic-bbq		
/stonework/	2016/01/cpf-stone-and-concrete-dv-sidewalk.jpg	1024x682	DROP — duplicate of recovered/stamped-concrete-driveway-and-sidewalk-features.jpg			cpf-stone-and-concrete-dv-sidewalk		
/stonework/	2016/01/cpf-stone-and-concrete-dv-wall.jpg	1024x682	DROP — duplicate of recovered/dos-vientos-stamped-driveway-stone-walls.jpg			cpf-stone-and-concrete-dv-wall		
/stonework/	2016/01/cpf-stone-and-concrete-stamped-dw-and-wall.jpg	1024x682	DROP — duplicate of recovered/dos-vientos-stamped-concrete-driveway-stone-retaining-wall.jpg			cpf-stone-and-concrete-stamped-dw-and-wall		
(unassigned)	2016/01/feature-stonework.jpg	250x150	VARIANT — crop/angle of recovered/cpf-stone-mailbox.jpg			feature-stonework		
(unassigned)	2016/01/slider-cpf-bbq.jpg	1400x500	DROP — duplicate of candidate slider-cpf-bbq-3.jpg			slider-cpf-bbq		
(unassigned)	2016/02/cpf-concrete-counter-8.jpg	1024x682	DROP — duplicate of recovered/kitchen-concrete-countertops-ready-for-sink-install.jpg			cpf-concrete-counter-8		
(unassigned)	2016/02/cpf-stone-work-villa-2.jpg	1024x682	DROP — duplicate of recovered/dos-vientos-patio-enclosure-awning.jpg			cpf-stone-work-villa-2		
(unassigned)	2016/02/cpf-stone-work-villa-5.jpg	1024x682	VARIANT — crop/angle of recovered/dos-vientos-patio-fountain-seating.jpg			cpf-stone-work-villa-5		
/featured-project-dos-vientos-villa/	2016/04/DSC06584.jpg	822x547	DROP — duplicate of recovered/dos-vientos-stamped-driveway-stone-walls.jpg			DSC06584		
/featured-project-dos-vientos-villa/	2016/04/cpf-stone-and-concrete-dv-multi-wall-close-1.jpg	1024x682	DROP — duplicate of recovered/close-up-wall-with-creative-stone-features.jpg			cpf-stone-and-concrete-dv-multi-wall-close		
(unassigned)	2016/04/cpf-stone-and-concrete-dv-sidewalk.jpg	1024x682	DROP — duplicate of recovered/stamped-concrete-driveway-and-sidewalk-features.jpg			cpf-stone-and-concrete-dv-sidewalk		
/featured-project-dos-vientos-villa/	2016/04/cpf-stone-and-concrete-dv-walls-and-more-1.jpg	1024x682	DROP — duplicate of recovered/custom-stone-walls-and-veneer-features.jpg			cpf-stone-and-concrete-dv-walls-and-more		
/featured-project-triunfo-ymca-baseball-fields/	2016/05/CPF-Dugout-Back.jpg	1900x1265	DROP — duplicate of large/brick-dugout-wall-steel-screen-baseball-field.jpg			CPF-Dugout-Back		
/featured-project-triunfo-ymca-baseball-fields/	2016/05/CPF-Dugout-Footer.jpg	1900x1265	DROP — duplicate of site-photos/18-CPF-Dugout-Footer.jpg			CPF-Dugout-Footer		
/featured-project-triunfo-ymca-baseball-fields/	2016/05/CPF-Outfield-Wall.jpg	1900x1265	DROP — duplicate of site-photos/15-CPF-Outfield-Wall.jpg			CPF-Outfield-Wall		
/masonry/	2016/05/Dos-Vientos-Driveway-and-Retaining-Wall.jpg	1920x1278	VARIANT — crop/angle of recovered/dos-vientos-stamped-concrete-driveway-stone-retaining-wall.jpg			Stone Property Line Wall and Stamped Concrete Driveway		
(unassigned)	2016/05/grading-and-excavation-feature.jpg	250x150	VARIANT — crop/angle of recovered/kubota-track-loader-on-site.jpg			Grading and Excavation Featured Image		
/featured-project-robertson-family-field-viewpoint-school/	2016/10/cpf-viewpoint-outfield-walkway-2.jpg	750x499	DROP — duplicate of candidate cpf-viewpoint-outfield-walkway-1.jpg			cpf-viewpoint-outfield-walkway		
(unassigned)	2016/10/cpf-viewpoint-outfield-walkway.jpg	750x499	DROP — duplicate of candidate cpf-viewpoint-outfield-walkway-1.jpg			cpf-viewpoint-outfield-walkway		
/featured-project-robertson-family-field-viewpoint-school/	2016/10/cpf-viewpoint-outfield-walkway2-2.jpg	750x499	DROP — duplicate of candidate cpf-viewpoint-outfield-walkway2-1.jpg			cpf-viewpoint-outfield-walkway2		
(unassigned)	2016/10/cpf-viewpoint-outfield-walkway2.jpg	750x499	DROP — duplicate of candidate cpf-viewpoint-outfield-walkway2-1.jpg			cpf-viewpoint-outfield-walkway2		
(unassigned)	2016/10/cpf-viewpoint-school-backstop.jpg	751x500	DROP — duplicate of recovered/viewpoint-school-backstop-and-concrete-surround.jpg			cpf-viewpoint-school-backstop		
/featured-project-robertson-family-field-viewpoint-school/	2016/10/cpf-viewpoint-school-entrance-2.jpg	750x499	DROP — duplicate of candidate cpf-viewpoint-school-entrance-1.jpg			cpf-viewpoint-school-entrance		
(unassigned)	2016/10/cpf-viewpoint-school-entrance.jpg	750x499	DROP — duplicate of candidate cpf-viewpoint-school-entrance-1.jpg			cpf-viewpoint-school-entrance		
